District,Local Body Type,Local Body Code,Local Body Name,Ward Count
THIRUVANANTHAPURAM,Grama Panchayat,G01001,Parassala,24
THIRUVANANTHAPURAM,Grama Panchayat,G01002,Karode,20
THIRUVANANTHAPURAM,Grama Panchayat,G01003,Kulathoor,21
THIRUVANANTHAPURAM,Grama Panchayat,G01004,Chenkal,22
THIRUVANANTHAPURAM,Grama Panchayat,G01005,Thirupuram,15
THIRUVANANTHAPURAM,Grama Panchayat,G01006,Poovar,15
THIRUVANANTHAPURAM,Grama Panchayat,G01007,Vellarada,24
THIRUVANANTHAPURAM,Grama Panchayat,G01008,Kunnathukal,23
THIRUVANANTHAPURAM,Grama Panchayat,G01009,Kollayil,18
THIRUVANANTHAPURAM,Grama Panchayat,G01010,Perumkadavila,17
THIRUVANANTHAPURAM,Grama Panchayat,G01011,Aryankode,17
THIRUVANANTHAPURAM,Grama Panchayat,G01012,Ottasekaramangalam,15
THIRUVANANTHAPURAM,Grama Panchayat,G01013,Kallikkadu,14
THIRUVANANTHAPURAM,Grama Panchayat,G01014,Amboori,14
THIRUVANANTHAPURAM,Grama Panchayat,G01015,Athiyannoor,18
THIRUVANANTHAPURAM,Grama Panchayat,G01016,Kanjiramkulam,15
THIRUVANANTHAPURAM,Grama Panchayat,G01017,Karumkulam,19
THIRUVANANTHAPURAM,Grama Panchayat,G01018,Kottukal,21
THIRUVANANTHAPURAM,Grama Panchayat,G01019,Venganoor,22
THIRUVANANTHAPURAM,Grama Panchayat,G01020,Maranallur,22
THIRUVANANTHAPURAM,Grama Panchayat,G01021,Balaramapuram,22
THIRUVANANTHAPURAM,Grama Panchayat,G01022,Pallichal,24
THIRUVANANTHAPURAM,Grama Panchayat,G01023,Malayinkeezhu,22
THIRUVANANTHAPURAM,Grama Panchayat,G01024,Vilappil,22
THIRUVANANTHAPURAM,Grama Panchayat,G01025,Vilavoorkal,20
THIRUVANANTHAPURAM,Grama Panchayat,G01026,Kalliyoor,24
THIRUVANANTHAPURAM,Grama Panchayat,G01027,Andoorkonam,20
THIRUVANANTHAPURAM,Grama Panchayat,G01028,Kadinamkulam,24
THIRUVANANTHAPURAM,Grama Panchayat,G01029,Mangalapuram,22
THIRUVANANTHAPURAM,Grama Panchayat,G01030,Pothencode,19
THIRUVANANTHAPURAM,Grama Panchayat,G01031,Azhoor,18
THIRUVANANTHAPURAM,Grama Panchayat,G01032,Kattakada,24
THIRUVANANTHAPURAM,Grama Panchayat,G01033,Vellanad,20
THIRUVANANTHAPURAM,Grama Panchayat,G01034,Poovachal,24
THIRUVANANTHAPURAM,Grama Panchayat,G01035,Aryanad,18
THIRUVANANTHAPURAM,Grama Panchayat,G01036,Vithura,18
THIRUVANANTHAPURAM,Grama Panchayat,G01037,Kuttichal,15
THIRUVANANTHAPURAM,Grama Panchayat,G01038,Uzhamalakkal,16
THIRUVANANTHAPURAM,Grama Panchayat,G01039,Tholicode,18
THIRUVANANTHAPURAM,Grama Panchayat,G01040,Karakulam,24
THIRUVANANTHAPURAM,Grama Panchayat,G01041,Aruvikkara,21
THIRUVANANTHAPURAM,Grama Panchayat,G01042,Vembayam,23
THIRUVANANTHAPURAM,Grama Panchayat,G01043,Anadu,20
THIRUVANANTHAPURAM,Grama Panchayat,G01044,Panavoor,16
THIRUVANANTHAPURAM,Grama Panchayat,G01045,Vamanapuram,16
THIRUVANANTHAPURAM,Grama Panchayat,G01046,Manickal,23
THIRUVANANTHAPURAM,Grama Panchayat,G01047,Nellanad,18
THIRUVANANTHAPURAM,Grama Panchayat,G01048,Pullampara,16
THIRUVANANTHAPURAM,Grama Panchayat,G01049,Nanniyode,18
THIRUVANANTHAPURAM,Grama Panchayat,G01050,Peringammala,19
THIRUVANANTHAPURAM,Grama Panchayat,G01051,Kallara,18
THIRUVANANTHAPURAM,Grama Panchayat,G01052,Pangode,19
THIRUVANANTHAPURAM,Grama Panchayat,G01053,Pulimath,20
THIRUVANANTHAPURAM,Grama Panchayat,G01054,Karavaram,20
THIRUVANANTHAPURAM,Grama Panchayat,G01055,Nagaroor,18
THIRUVANANTHAPURAM,Grama Panchayat,G01056,Pazhayakunnummel,17
THIRUVANANTHAPURAM,Grama Panchayat,G01057,Kilimanoor,16
THIRUVANANTHAPURAM,Grama Panchayat,G01058,Navayikulam,24
THIRUVANANTHAPURAM,Grama Panchayat,G01059,Madavoor,16
THIRUVANANTHAPURAM,Grama Panchayat,G01060,Pallikkal,14
THIRUVANANTHAPURAM,Grama Panchayat,G01061,Anchuthengu,14
THIRUVANANTHAPURAM,Grama Panchayat,G01062,Vakkom,14
THIRUVANANTHAPURAM,Grama Panchayat,G01063,Chirayinkeezhu,19
THIRUVANANTHAPURAM,Grama Panchayat,G01064,Kizhuvilam,21
THIRUVANANTHAPURAM,Grama Panchayat,G01065,Mudakkal,22
THIRUVANANTHAPURAM,Grama Panchayat,G01066,Kadakkavoor,17
THIRUVANANTHAPURAM,Grama Panchayat,G01067,Vettoor,15
THIRUVANANTHAPURAM,Grama Panchayat,G01068,Cherunniyoor,15
THIRUVANANTHAPURAM,Grama Panchayat,G01069,Edava,18
THIRUVANANTHAPURAM,Grama Panchayat,G01070,Elakamon,18
THIRUVANANTHAPURAM,Grama Panchayat,G01071,Chemmaruthy,20
THIRUVANANTHAPURAM,Grama Panchayat,G01072,Manamboor,17
THIRUVANANTHAPURAM,Grama Panchayat,G01073,Ottoor,14
THIRUVANANTHAPURAM,Block Panchayat,B01001,Parassala,15
THIRUVANANTHAPURAM,Block Panchayat,B01002,Perumkadavila,16
THIRUVANANTHAPURAM,Block Panchayat,B01003,Athiyanoor,14
THIRUVANANTHAPURAM,Block Panchayat,B01004,Nemom,18
THIRUVANANTHAPURAM,Block Panchayat,B01005,Pothencode,14
THIRUVANANTHAPURAM,Block Panchayat,B01006,Vellanad,17
THIRUVANANTHAPURAM,Block Panchayat,B01007,Nedumangad,15
THIRUVANANTHAPURAM,Block Panchayat,B01008,Vamanapuram,16
THIRUVANANTHAPURAM,Block Panchayat,B01009,Kilimanoor,16
THIRUVANANTHAPURAM,Block Panchayat,B01010,Chirayinkeezhu,14
THIRUVANANTHAPURAM,Block Panchayat,B01011,Varkala,14
THIRUVANANTHAPURAM,District Panchayat,D01001,Thiruvananthapuram,28
THIRUVANANTHAPURAM,Municipality,M01001,Neyyattinkara,46
THIRUVANANTHAPURAM,Municipality,M01002,Nedumangad,42
THIRUVANANTHAPURAM,Municipality,M01003,Attingal,32
THIRUVANANTHAPURAM,Municipality,M01004,Varkala,34
THIRUVANANTHAPURAM,Municipal Corporation,C01001,Thiruvananthapuram,101
KOLLAM,Grama Panchayat,G02001,Oachira,19
KOLLAM,Grama Panchayat,G02002,Kulasekharapuram,24
KOLLAM,Grama Panchayat,G02003,Thazhava,24
KOLLAM,Grama Panchayat,G02004,Clappana,16
KOLLAM,Grama Panchayat,G02005,Alappad,16
KOLLAM,Grama Panchayat,G02006,Thodiyoor,24
KOLLAM,Grama Panchayat,G02007,Sasthamcotta,21
KOLLAM,Grama Panchayat,G02008,West Kallada,15
KOLLAM,Grama Panchayat,G02009,Sooranad South,17
KOLLAM,Grama Panchayat,G02010,Poruvazhi,19
KOLLAM,Grama Panchayat,G02011,Kunnathur,18
KOLLAM,Grama Panchayat,G02012,Sooranad North,19
KOLLAM,Grama Panchayat,G02013,Mynagappally,24
KOLLAM,Grama Panchayat,G02014,Ummannoor,21
KOLLAM,Grama Panchayat,G02015,Vettikavala,22
KOLLAM,Grama Panchayat,G02016,Melila,16
KOLLAM,Grama Panchayat,G02017,Mylom,21
KOLLAM,Grama Panchayat,G02018,Kulakkada,20
KOLLAM,Grama Panchayat,G02019,Pavithreswaram,20
KOLLAM,Grama Panchayat,G02020,Vilakkudy,21
KOLLAM,Grama Panchayat,G02021,Thalavoor,21
KOLLAM,Grama Panchayat,G02022,Piravanthur,21
KOLLAM,Grama Panchayat,G02023,Pattazhi Vadakkekara,14
KOLLAM,Grama Panchayat,G02024,Pattazhi,15
KOLLAM,Grama Panchayat,G02025,Pathanapuram,20
KOLLAM,Grama Panchayat,G02026,Kulathupuzha,21
KOLLAM,Grama Panchayat,G02027,Yeroor,21
KOLLAM,Grama Panchayat,G02028,Alayaman,16
KOLLAM,Grama Panchayat,G02029,Anchal,21
KOLLAM,Grama Panchayat,G02030,Edamulakkal,23
KOLLAM,Grama Panchayat,G02031,Karavaloor,17
KOLLAM,Grama Panchayat,G02032,Thenmala,17
KOLLAM,Grama Panchayat,G02033,Aryankavu,14
KOLLAM,Grama Panchayat,G02034,Veliyam,20
KOLLAM,Grama Panchayat,G02035,Pooyappally,17
KOLLAM,Grama Panchayat,G02036,Kareepra,19
KOLLAM,Grama Panchayat,G02037,Ezhukone,17
KOLLAM,Grama Panchayat,G02038,Neduvathur,19
KOLLAM,Grama Panchayat,G02041,Thrikkaruva,18
KOLLAM,Grama Panchayat,G02042,Panayam,18
KOLLAM,Grama Panchayat,G02043,Perinad,21
KOLLAM,Grama Panchayat,G02044,Kundara,14
KOLLAM,Grama Panchayat,G02045,Perayam,16
KOLLAM,Grama Panchayat,G02046,East Kallada,16
KOLLAM,Grama Panchayat,G02047,Mandrothuruthu,14
KOLLAM,Grama Panchayat,G02048,Thekkumbhagam,14
KOLLAM,Grama Panchayat,G02049,Chavara,24
KOLLAM,Grama Panchayat,G02050,Thevalakkara,24
KOLLAM,Grama Panchayat,G02051,Panmana,24
KOLLAM,Grama Panchayat,G02052,Neendakara,14
KOLLAM,Grama Panchayat,G02053,Mayyanad,24
KOLLAM,Grama Panchayat,G02054,Elampalloor,23
KOLLAM,Grama Panchayat,G02055,Thrikkovilvattom,24
KOLLAM,Grama Panchayat,G02056,Kottamkara,23
KOLLAM,Grama Panchayat,G02057,Nedumpana,24
KOLLAM,Grama Panchayat,G02058,Chithara,24
KOLLAM,Grama Panchayat,G02059,Kadakkal,20
KOLLAM,Grama Panchayat,G02060,Chadayamangalam,16
KOLLAM,Grama Panchayat,G02061,Ittiva,22
KOLLAM,Grama Panchayat,G02062,Velinalloor,19
KOLLAM,Grama Panchayat,G02063,Elamadu,18
KOLLAM,Grama Panchayat,G02064,Nilamel,14
KOLLAM,Grama Panchayat,G02065,Kummil,16
KOLLAM,Grama Panchayat,G02066,Poothakkulam,19
KOLLAM,Grama Panchayat,G02067,Kalluvathukkal,24
KOLLAM,Grama Panchayat,G02068,Chathannur,19
KOLLAM,Grama Panchayat,G02069,Adichanalloor,21
KOLLAM,Grama Panchayat,G02070,Chirakkara,17
KOLLAM,Block Panchayat,B02012,Oachira,16
KOLLAM,Block Panchayat,B02013,Sasthamcotta,15
KOLLAM,Block Panchayat,B02014,Vettikavala,15
KOLLAM,Block Panchayat,B02015,Pathanapuram,14
KOLLAM,Block Panchayat,B02016,Anchal,16
KOLLAM,Block Panchayat,B02017,Kottarakara,14
KOLLAM,Block Panchayat,B02018,Chittumala,14
KOLLAM,Block Panchayat,B02019,Chavara,14
KOLLAM,Block Panchayat,B02020,Mukhathala,17
KOLLAM,Block Panchayat,B02021,Chadayamangalam,17
KOLLAM,Block Panchayat,B02022,Ithikara,14
KOLLAM,District Panchayat,D02001,Kollam,27
KOLLAM,Municipality,M02005,Paravoor,32
KOLLAM,Municipality,M02006,Punalur,36
KOLLAM,Municipality,M02007,Karunagappally,37
KOLLAM,Municipality,M02087,Kottarakkara,30
KOLLAM,Municipal Corporation,C02002,Kollam,56
PATHANAMTHITTA,Grama Panchayat,G03001,Anikkadu,14
PATHANAMTHITTA,Grama Panchayat,G03002,Kaviyoor,14
PATHANAMTHITTA,Grama Panchayat,G03003,Kottanad,14
PATHANAMTHITTA,Grama Panchayat,G03004,Kallooppara,14
PATHANAMTHITTA,Grama Panchayat,G03005,Kottangal,14
PATHANAMTHITTA,Grama Panchayat,G03006,Kunnanthanam,16
PATHANAMTHITTA,Grama Panchayat,G03007,Mallappally,15
PATHANAMTHITTA,Grama Panchayat,G03008,Kadapra,16
PATHANAMTHITTA,Grama Panchayat,G03009,Kuttoor,15
PATHANAMTHITTA,Grama Panchayat,G03010,Niranam,14
PATHANAMTHITTA,Grama Panchayat,G03011,Nedumpram,14
PATHANAMTHITTA,Grama Panchayat,G03012,Peringara,16
PATHANAMTHITTA,Grama Panchayat,G03013,Ayiroor,16
PATHANAMTHITTA,Grama Panchayat,G03014,Eraviperoor,18
PATHANAMTHITTA,Grama Panchayat,G03015,Koipram,18
PATHANAMTHITTA,Grama Panchayat,G03016,Thottappuzhassery,14
PATHANAMTHITTA,Grama Panchayat,G03017,Ezhumattoor,15
PATHANAMTHITTA,Grama Panchayat,G03018,Puramattam,14
PATHANAMTHITTA,Grama Panchayat,G03019,Omalloor,15
PATHANAMTHITTA,Grama Panchayat,G03020,Chenneerkara,15
PATHANAMTHITTA,Grama Panchayat,G03021,Elanthoor,14
PATHANAMTHITTA,Grama Panchayat,G03022,Cherukol,14
PATHANAMTHITTA,Grama Panchayat,G03023,Kozhanchery,14
PATHANAMTHITTA,Grama Panchayat,G03024,Mallappuzhassery,14
PATHANAMTHITTA,Grama Panchayat,G03025,Naranganam,14
PATHANAMTHITTA,Grama Panchayat,G03026,Ranni Pazhavangady,17
PATHANAMTHITTA,Grama Panchayat,G03027,Ranni,14
PATHANAMTHITTA,Grama Panchayat,G03028,Ranny Angady,14
PATHANAMTHITTA,Grama Panchayat,G03029,Ranny Perunadu,16
PATHANAMTHITTA,Grama Panchayat,G03030,Vadasserikkara,16
PATHANAMTHITTA,Grama Panchayat,G03031,Chittar,14
PATHANAMTHITTA,Grama Panchayat,G03032,Seethathodu,14
PATHANAMTHITTA,Grama Panchayat,G03033,Naranammoozhy,14
PATHANAMTHITTA,Grama Panchayat,G03034,Vechoochira,16
PATHANAMTHITTA,Grama Panchayat,G03035,Konni,20
PATHANAMTHITTA,Grama Panchayat,G03036,Aruvappulam,15
PATHANAMTHITTA,Grama Panchayat,G03037,Pramadam,20
PATHANAMTHITTA,Grama Panchayat,G03038,Mylapra,14
PATHANAMTHITTA,Grama Panchayat,G03039,Vallikkodu,16
PATHANAMTHITTA,Grama Panchayat,G03040,Thannithodu,14
PATHANAMTHITTA,Grama Panchayat,G03041,Malayalapuzha,14
PATHANAMTHITTA,Grama Panchayat,G03042,Panthalam-Thekkekkara,15
PATHANAMTHITTA,Grama Panchayat,G03044,Thumpamon,14
PATHANAMTHITTA,Grama Panchayat,G03045,Kulanada,17
PATHANAMTHITTA,Grama Panchayat,G03046,Aranmula,19
PATHANAMTHITTA,Grama Panchayat,G03047,Mezhuvely,14
PATHANAMTHITTA,Grama Panchayat,G03048,Enadimangalam,16
PATHANAMTHITTA,Grama Panchayat,G03049,Earathu,17
PATHANAMTHITTA,Grama Panchayat,G03050,Ezhamkulam,21
PATHANAMTHITTA,Grama Panchayat,G03051,Kadambanad,18
PATHANAMTHITTA,Grama Panchayat,G03052,Kalanjoor,20
PATHANAMTHITTA,Grama Panchayat,G03053,Kodumon,19
PATHANAMTHITTA,Grama Panchayat,G03054,Pallickal,24
PATHANAMTHITTA,Block Panchayat,B03023,Mallappally,14
PATHANAMTHITTA,Block Panchayat,B03024,Pulikkeezhu,14
PATHANAMTHITTA,Block Panchayat,B03025,Koipuram,14
PATHANAMTHITTA,Block Panchayat,B03026,Elanthoor,14
PATHANAMTHITTA,Block Panchayat,B03027,Ranni,14
PATHANAMTHITTA,Block Panchayat,B03028,Konni,14
PATHANAMTHITTA,Block Panchayat,B03029,Pandalam,14
PATHANAMTHITTA,Block Panchayat,B03030,Parakodu,16
PATHANAMTHITTA,District Panchayat,D03001,Pathanamthitta,17
PATHANAMTHITTA,Municipality,M03008,Adoor,29
PATHANAMTHITTA,Municipality,M03009,Pathanamthitta,33
PATHANAMTHITTA,Municipality,M03010,Thiruvalla,39
PATHANAMTHITTA,Municipality,M03061,Pandalam,34
ALAPPUZHA,Grama Panchayat,G04001,Arookutty,15
ALAPPUZHA,Grama Panchayat,G04002,Chennam Pallippuram,19
ALAPPUZHA,Grama Panchayat,G04003,Panavally,20
ALAPPUZHA,Grama Panchayat,G04004,Perumbalam,14
ALAPPUZHA,Grama Panchayat,G04005,Thycattussery,16
ALAPPUZHA,Grama Panchayat,G04006,Aroor,24
ALAPPUZHA,Grama Panchayat,G04007,Ezhupunna,16
ALAPPUZHA,Grama Panchayat,G04008,Kuthiathode,17
ALAPPUZHA,Grama Panchayat,G04009,Kodamthuruth,18
ALAPPUZHA,Grama Panchayat,G04010,Thuravoor,19
ALAPPUZHA,Grama Panchayat,G04011,Pattanakkad,21
ALAPPUZHA,Grama Panchayat,G04012,Vayalar,17
ALAPPUZHA,Grama Panchayat,G04013,Kanjikkuzhy,19
ALAPPUZHA,Grama Panchayat,G04014,Cherthala South,24
ALAPPUZHA,Grama Panchayat,G04015,Mararikkulam North,20
ALAPPUZHA,Grama Panchayat,G04016,Kadakkarapally,14
ALAPPUZHA,Grama Panchayat,G04017,Thanneermukkam,24
ALAPPUZHA,Grama Panchayat,G04018,Aryad,20
ALAPPUZHA,Grama Panchayat,G04019,Mannanchery,24
ALAPPUZHA,Grama Panchayat,G04020,Mararikkulam South,24
ALAPPUZHA,Grama Panchayat,G04021,Muhamma,18
ALAPPUZHA,Grama Panchayat,G04022,Ambalappuzha South,17
ALAPPUZHA,Grama Panchayat,G04023,Ambalappuzha North,20
ALAPPUZHA,Grama Panchayat,G04024,Punnapra South,19
ALAPPUZHA,Grama Panchayat,G04025,Punnapra North,19
ALAPPUZHA,Grama Panchayat,G04026,Purakkad,19
ALAPPUZHA,Grama Panchayat,G04027,Edathua,15
ALAPPUZHA,Grama Panchayat,G04028,Kainakary,15
ALAPPUZHA,Grama Panchayat,G04029,Champakkulam,14
ALAPPUZHA,Grama Panchayat,G04030,Thakazhy,15
ALAPPUZHA,Grama Panchayat,G04031,Thalavady,16
ALAPPUZHA,Grama Panchayat,G04032,Nedumudi,15
ALAPPUZHA,Grama Panchayat,G04033,Kavalam,14
ALAPPUZHA,Grama Panchayat,G04034,Pulincunnu,16
ALAPPUZHA,Grama Panchayat,G04035,Neelamperoor,14
ALAPPUZHA,Grama Panchayat,G04036,Muttar,14
ALAPPUZHA,Grama Panchayat,G04037,Ramankary,14
ALAPPUZHA,Grama Panchayat,G04038,Veliyanad,14
ALAPPUZHA,Grama Panchayat,G04039,Cheriyanad,16
ALAPPUZHA,Grama Panchayat,G04040,Ala,14
ALAPPUZHA,Grama Panchayat,G04041,Puliyur,14
ALAPPUZHA,Grama Panchayat,G04042,Budhannur,15
ALAPPUZHA,Grama Panchayat,G04043,Pandanad,14
ALAPPUZHA,Grama Panchayat,G04044,Thiruvanvandoor,14
ALAPPUZHA,Grama Panchayat,G04045,Mulakkuzha,19
ALAPPUZHA,Grama Panchayat,G04046,Venmony,15
ALAPPUZHA,Grama Panchayat,G04047,Karthikapally,14
ALAPPUZHA,Grama Panchayat,G04048,Thrikkunnappuzha,18
ALAPPUZHA,Grama Panchayat,G04049,Kumarapuram,16
ALAPPUZHA,Grama Panchayat,G04050,Karuvatta,16
ALAPPUZHA,Grama Panchayat,G04052,Pallippad,14
ALAPPUZHA,Grama Panchayat,G04053,Cheruthana,14
ALAPPUZHA,Grama Panchayat,G04054,Veeyapuram,14
ALAPPUZHA,Grama Panchayat,G04055,Mavelikkara Thekkekkara,20
ALAPPUZHA,Grama Panchayat,G04056,Chettikulangara,22
ALAPPUZHA,Grama Panchayat,G04057,Chennithala Thripperuthura,19
ALAPPUZHA,Grama Panchayat,G04058,Thazhakkara,22
ALAPPUZHA,Grama Panchayat,G04059,Mannar,19
ALAPPUZHA,Grama Panchayat,G04060,Chunakkara,17
ALAPPUZHA,Grama Panchayat,G04061,Nooranad,18
ALAPPUZHA,Grama Panchayat,G04062,Palamel,21
ALAPPUZHA,Grama Panchayat,G04063,Bharanikkavu,22
ALAPPUZHA,Grama Panchayat,G04064,Mavelikkara -Thamarakkulam,18
ALAPPUZHA,Grama Panchayat,G04065,Vallikunnam,20
ALAPPUZHA,Grama Panchayat,G04066,Pathiyoor,21
ALAPPUZHA,Grama Panchayat,G04067,Kandalloor,15
ALAPPUZHA,Grama Panchayat,G04068,Cheppad,16
ALAPPUZHA,Grama Panchayat,G04069,Muthukulam,16
ALAPPUZHA,Grama Panchayat,G04070,Aarattupuzha,19
ALAPPUZHA,Grama Panchayat,G04071,Krishnapuram,18
ALAPPUZHA,Grama Panchayat,G04072,Devikulangara,16
ALAPPUZHA,Grama Panchayat,G04073,Chingoli,14
ALAPPUZHA,Block Panchayat,B04031,Thykkattussery,14
ALAPPUZHA,Block Panchayat,B04032,Pattanakkad,15
ALAPPUZHA,Block Panchayat,B04033,Kanjikkuzhy,14
ALAPPUZHA,Block Panchayat,B04034,Aryad,14
ALAPPUZHA,Block Panchayat,B04035,Ambalappuzha,14
ALAPPUZHA,Block Panchayat,B04036,Champakkulam,14
ALAPPUZHA,Block Panchayat,B04037,Veliyanad,14
ALAPPUZHA,Block Panchayat,B04038,Chengannur,14
ALAPPUZHA,Block Panchayat,B04039,Harippad,14
ALAPPUZHA,Block Panchayat,B04040,Mavelikkara,14
ALAPPUZHA,Block Panchayat,B04041,Bharanikkavu,14
ALAPPUZHA,Block Panchayat,B04042,Muthukulam,15
ALAPPUZHA,District Panchayat,D04001,Alappuzha,24
ALAPPUZHA,Municipality,M04011,Kayamkulam,45
ALAPPUZHA,Municipality,M04012,Mavelikkara,28
ALAPPUZHA,Municipality,M04013,Chengannur,27
ALAPPUZHA,Municipality,M04014,Alappuzha,53
ALAPPUZHA,Municipality,M04015,Cherthala,36
ALAPPUZHA,Municipality,M04062,Harippad,30
KOTTAYAM,Grama Panchayat,G05001,Thalayazham,16
KOTTAYAM,Grama Panchayat,G05002,Chempu,16
KOTTAYAM,Grama Panchayat,G05003,Maravanthuruthu,16
KOTTAYAM,Grama Panchayat,G05004,T V Puram,15
KOTTAYAM,Grama Panchayat,G05005,Vechoor,14
KOTTAYAM,Grama Panchayat,G05006,Udayanapuram,18
KOTTAYAM,Grama Panchayat,G05007,Kaduthuruthy,20
KOTTAYAM,Grama Panchayat,G05008,Kallara,14
KOTTAYAM,Grama Panchayat,G05009,Mulakkulam,18
KOTTAYAM,Grama Panchayat,G05010,Njeezhoor,15
KOTTAYAM,Grama Panchayat,G05011,Thalayolaparambu,17
KOTTAYAM,Grama Panchayat,G05012,Velloor,17
KOTTAYAM,Grama Panchayat,G05013,Neendoor,15
KOTTAYAM,Grama Panchayat,G05014,Kumarakom,16
KOTTAYAM,Grama Panchayat,G05015,Thiruvarppu,19
KOTTAYAM,Grama Panchayat,G05016,Arpookkara,17
KOTTAYAM,Grama Panchayat,G05017,Athirampuzha,24
KOTTAYAM,Grama Panchayat,G05019,Aymanam,21
KOTTAYAM,Grama Panchayat,G05020,Kadaplamattom,14
KOTTAYAM,Grama Panchayat,G05021,Marangattupally,15
KOTTAYAM,Grama Panchayat,G05022,Kanakkary,17
KOTTAYAM,Grama Panchayat,G05023,Veliyannoor,14
KOTTAYAM,Grama Panchayat,G05024,Kuravilangadu,15
KOTTAYAM,Grama Panchayat,G05025,Uzhavoor,14
KOTTAYAM,Grama Panchayat,G05026,Ramapuram,19
KOTTAYAM,Grama Panchayat,G05027,Manjoor,19
KOTTAYAM,Grama Panchayat,G05028,Bharananganam,14
KOTTAYAM,Grama Panchayat,G05029,Karoor,17
KOTTAYAM,Grama Panchayat,G05030,Kozhuvanal,14
KOTTAYAM,Grama Panchayat,G05031,Kadanadu,15
KOTTAYAM,Grama Panchayat,G05032,Meenachil,14
KOTTAYAM,Grama Panchayat,G05033,Mutholy,14
KOTTAYAM,Grama Panchayat,G05034,Melukavu,14
KOTTAYAM,Grama Panchayat,G05035,Moonnilavu,14
KOTTAYAM,Grama Panchayat,G05036,Poonjar,14
KOTTAYAM,Grama Panchayat,G05037,Poonjar Thekkekkara,15
KOTTAYAM,Grama Panchayat,G05039,Teekoy,14
KOTTAYAM,Grama Panchayat,G05040,Thalanadu,14
KOTTAYAM,Grama Panchayat,G05041,Thalappalam,14
KOTTAYAM,Grama Panchayat,G05042,Thidanadu,16
KOTTAYAM,Grama Panchayat,G05043,Akalakkunnam,15
KOTTAYAM,Grama Panchayat,G05044,Elikkulam,17
KOTTAYAM,Grama Panchayat,G05045,Kooroppada,19
KOTTAYAM,Grama Panchayat,G05046,Pampady,21
KOTTAYAM,Grama Panchayat,G05047,Pallickathodu,15
KOTTAYAM,Grama Panchayat,G05048,Manarcadu,19
KOTTAYAM,Grama Panchayat,G05049,Kidangoor,16
KOTTAYAM,Grama Panchayat,G05050,Meenadom,14
KOTTAYAM,Grama Panchayat,G05051,Madappally,22
KOTTAYAM,Grama Panchayat,G05052,Paippadu,17
KOTTAYAM,Grama Panchayat,G05053,Thrikkodithanam,22
KOTTAYAM,Grama Panchayat,G05054,Vakathanam,21
KOTTAYAM,Grama Panchayat,G05055,Vazhappally,22
KOTTAYAM,Grama Panchayat,G05056,Chirakkadavu,22
KOTTAYAM,Grama Panchayat,G05057,Kangazha,16
KOTTAYAM,Grama Panchayat,G05058,Nedumkunnam,16
KOTTAYAM,Grama Panchayat,G05059,Vellavoor,14
KOTTAYAM,Grama Panchayat,G05060,Vazhoor,18
KOTTAYAM,Grama Panchayat,G05061,Karukachal,17
KOTTAYAM,Grama Panchayat,G05062,Manimala,16
KOTTAYAM,Grama Panchayat,G05063,Erumely,24
KOTTAYAM,Grama Panchayat,G05064,Kanjirappally,24
KOTTAYAM,Grama Panchayat,G05065,Koottickal,14
KOTTAYAM,Grama Panchayat,G05066,Mundakayam,23
KOTTAYAM,Grama Panchayat,G05067,Koruthode,14
KOTTAYAM,Grama Panchayat,G05068,Parathodu,21
KOTTAYAM,Grama Panchayat,G05069,Kurichy,22
KOTTAYAM,Grama Panchayat,G05070,Panachikadu,24
KOTTAYAM,Grama Panchayat,G05071,Puthuppally,19
KOTTAYAM,Grama Panchayat,G05072,Vijayapuram,20
KOTTAYAM,Grama Panchayat,G05073,Ayarkunnam,21
KOTTAYAM,Block Panchayat,B05043,Vaikom,14
KOTTAYAM,Block Panchayat,B05044,Kaduthuruthy,14
KOTTAYAM,Block Panchayat,B05045,Ettumanoor,14
KOTTAYAM,Block Panchayat,B05046,Uzhavoor,14
KOTTAYAM,Block Panchayat,B05047,Lalam,14
KOTTAYAM,Block Panchayat,B05048,Erattupetta,14
KOTTAYAM,Block Panchayat,B05049,Pampady,15
KOTTAYAM,Block Panchayat,B05050,Madappally,14
KOTTAYAM,Block Panchayat,B05051,Vazhoor,14
KOTTAYAM,Block Panchayat,B05052,Kanjirappally,16
KOTTAYAM,Block Panchayat,B05053,Pallom,14
KOTTAYAM,District Panchayat,D05001,Kottayam,23
KOTTAYAM,Municipality,M05016,Changanassery,37
KOTTAYAM,Municipality,M05017,Kottayam,53
KOTTAYAM,Municipality,M05018,Vaikom,27
KOTTAYAM,Municipality,M05019,Palai,26
KOTTAYAM,Municipality,M05063,Ettumanoor,36
KOTTAYAM,Municipality,M05064,Erattupetta,29
IDUKKI,Grama Panchayat,G06001,Adimali,24
IDUKKI,Grama Panchayat,G06002,Konnathady,19
IDUKKI,Grama Panchayat,G06003,Baisonvalley,14
IDUKKI,Grama Panchayat,G06004,Vellathooval,18
IDUKKI,Grama Panchayat,G06005,Pallivasal,14
IDUKKI,Grama Panchayat,G06006,Marayoor,14
IDUKKI,Grama Panchayat,G06007,Munnar,20
IDUKKI,Grama Panchayat,G06008,Kanthalloor,14
IDUKKI,Grama Panchayat,G06009,Vattavada,14
IDUKKI,Grama Panchayat,G06010,Santhanpara,14
IDUKKI,Grama Panchayat,G06011,Chinnakanal,14
IDUKKI,Grama Panchayat,G06012,Mankulam,14
IDUKKI,Grama Panchayat,G06013,Devikulam,17
IDUKKI,Grama Panchayat,G06014,Edamalakudy,14
IDUKKI,Grama Panchayat,G06015,Pampadumpara,16
IDUKKI,Grama Panchayat,G06016,Senapathy,14
IDUKKI,Grama Panchayat,G06017,Karunapuram,18
IDUKKI,Grama Panchayat,G06018,Rajakkad,14
IDUKKI,Grama Panchayat,G06019,Nedumkandom,24
IDUKKI,Grama Panchayat,G06020,Udumbanchola,14
IDUKKI,Grama Panchayat,G06021,Rajakumary,14
IDUKKI,Grama Panchayat,G06022,Vannappuram,19
IDUKKI,Grama Panchayat,G06023,Udumbannoor,17
IDUKKI,Grama Panchayat,G06024,Kodikulam,14
IDUKKI,Grama Panchayat,G06025,Alakode,14
IDUKKI,Grama Panchayat,G06026,Velliyamattom,16
IDUKKI,Grama Panchayat,G06027,Karimannoor,15
IDUKKI,Grama Panchayat,G06028,Kudayathoor,14
IDUKKI,Grama Panchayat,G06029,Idukki-Kanjikuzhy,18
IDUKKI,Grama Panchayat,G06030,Vathikudy,19
IDUKKI,Grama Panchayat,G06031,Arakulam,15
IDUKKI,Grama Panchayat,G06032,Kamakshy,15
IDUKKI,Grama Panchayat,G06033,Vazhathope,15
IDUKKI,Grama Panchayat,G06034,Mariyapuram,14
IDUKKI,Grama Panchayat,G06036,Upputhara,18
IDUKKI,Grama Panchayat,G06037,Vandanmedu,20
IDUKKI,Grama Panchayat,G06038,Kanchiyar,17
IDUKKI,Grama Panchayat,G06039,Erattayar,15
IDUKKI,Grama Panchayat,G06040,Ayyappancoil,14
IDUKKI,Grama Panchayat,G06041,Chakkupallam,16
IDUKKI,Grama Panchayat,G06042,Kumaramangalam,14
IDUKKI,Grama Panchayat,G06043,Muttom,14
IDUKKI,Grama Panchayat,G06044,Edavetty,14
IDUKKI,Grama Panchayat,G06045,Karimkunnam,14
IDUKKI,Grama Panchayat,G06046,Manakkad,14
IDUKKI,Grama Panchayat,G06047,Purapuzha,14
IDUKKI,Grama Panchayat,G06048,Peruvanthanam,14
IDUKKI,Grama Panchayat,G06049,Kumily,22
IDUKKI,Grama Panchayat,G06050,Kokkayar,14
IDUKKI,Grama Panchayat,G06051,Peermade,16
IDUKKI,Grama Panchayat,G06052,Elappara,17
IDUKKI,Grama Panchayat,G06053,Vandiperiyar,24
IDUKKI,Block Panchayat,B06054,Adimali,14
IDUKKI,Block Panchayat,B06055,Devikulam,14
IDUKKI,Block Panchayat,B06056,Nedumkandom,14
IDUKKI,Block Panchayat,B06057,Elamdesom,14
IDUKKI,Block Panchayat,B06058,Idukki,14
IDUKKI,Block Panchayat,B06059,Kattappana,14
IDUKKI,Block Panchayat,B06060,Thodupuzha,14
IDUKKI,Block Panchayat,B06061,Azhutha,14
IDUKKI,District Panchayat,D06001,Idukki,17
IDUKKI,Municipality,M06020,Thodupuzha,38
IDUKKI,Municipality,M06065,Kattappana,35
ERNAKULAM,Grama Panchayat,G07001,Chendamangalam,19
ERNAKULAM,Grama Panchayat,G07002,Kottuvally,24
ERNAKULAM,Grama Panchayat,G07003,Ezhikkara,15
ERNAKULAM,Grama Panchayat,G07004,Vadakkekara,21
ERNAKULAM,Grama Panchayat,G07005,Chittattukara,20
ERNAKULAM,Grama Panchayat,G07006,Karumalloor,22
ERNAKULAM,Grama Panchayat,G07007,Varapuzha,18
ERNAKULAM,Grama Panchayat,G07008,Alangad,24
ERNAKULAM,Grama Panchayat,G07009,Kadungalloor,24
ERNAKULAM,Grama Panchayat,G07010,Mookkanoor,15
ERNAKULAM,Grama Panchayat,G07011,Thuravoor,16
ERNAKULAM,Grama Panchayat,G07012,Manjapra,14
ERNAKULAM,Grama Panchayat,G07013,Karukutty,19
ERNAKULAM,Grama Panchayat,G07014,Ayyampuzha,14
ERNAKULAM,Grama Panchayat,G07015,Kanjoor,17
ERNAKULAM,Grama Panchayat,G07016,Kalady,19
ERNAKULAM,Grama Panchayat,G07017,Malayattoor- Neeleeswaram,18
ERNAKULAM,Grama Panchayat,G07018,Asamannur,15
ERNAKULAM,Grama Panchayat,G07019,Mudakkuzha,14
ERNAKULAM,Grama Panchayat,G07020,Vengoor,16
ERNAKULAM,Grama Panchayat,G07021,Rayamangalam,22
ERNAKULAM,Grama Panchayat,G07022,Koovappady,22
ERNAKULAM,Grama Panchayat,G07023,Okkal,17
ERNAKULAM,Grama Panchayat,G07024,Vengola,24
ERNAKULAM,Grama Panchayat,G07025,Vazhakkulam,24
ERNAKULAM,Grama Panchayat,G07026,Kizhakkambalam,21
ERNAKULAM,Grama Panchayat,G07027,Choornikkara,21
ERNAKULAM,Grama Panchayat,G07028,Edathala,24
ERNAKULAM,Grama Panchayat,G07029,Keezhmadu,22
ERNAKULAM,Grama Panchayat,G07030,Kadamakkudy,14
ERNAKULAM,Grama Panchayat,G07031,Cheranallur,20
ERNAKULAM,Grama Panchayat,G07032,Mulavukadu,16
ERNAKULAM,Grama Panchayat,G07033,Elamkunnapuzha,24
ERNAKULAM,Grama Panchayat,G07034,Njarakkal,17
ERNAKULAM,Grama Panchayat,G07035,Nayarambalam,17
ERNAKULAM,Grama Panchayat,G07036,Edavanakad,16
ERNAKULAM,Grama Panchayat,G07037,Pallippuram,24
ERNAKULAM,Grama Panchayat,G07038,Kuzhuppilly,14
ERNAKULAM,Grama Panchayat,G07039,Chellanam,22
ERNAKULAM,Grama Panchayat,G07040,Kumbalanghy,19
ERNAKULAM,Grama Panchayat,G07041,Kumbalam,19
ERNAKULAM,Grama Panchayat,G07042,Udayamperoor,23
ERNAKULAM,Grama Panchayat,G07043,Mulamthuruthy,18
ERNAKULAM,Grama Panchayat,G07044,Chottanikara,17
ERNAKULAM,Grama Panchayat,G07045,Edakkattuvayal,15
ERNAKULAM,Grama Panchayat,G07046,Amballur,18
ERNAKULAM,Grama Panchayat,G07047,Maneedu,14
ERNAKULAM,Grama Panchayat,G07048,Poothrikka,16
ERNAKULAM,Grama Panchayat,G07049,Thiruvaniyoor,18
ERNAKULAM,Grama Panchayat,G07050,Vadavucode-Puthencruz,17
ERNAKULAM,Grama Panchayat,G07051,Mazhuvannur,21
ERNAKULAM,Grama Panchayat,G07052,Aikkaranadu,16
ERNAKULAM,Grama Panchayat,G07053,Kunnathunad,21
ERNAKULAM,Grama Panchayat,G07054,Paingottoor,14
ERNAKULAM,Grama Panchayat,G07055,Nellikuzhy,24
ERNAKULAM,Grama Panchayat,G07056,Pindimana,14
ERNAKULAM,Grama Panchayat,G07057,Kavalangad,19
ERNAKULAM,Grama Panchayat,G07058,Varapetty,15
ERNAKULAM,Grama Panchayat,G07059,Keerampara,14
ERNAKULAM,Grama Panchayat,G07060,Pothanikkad,14
ERNAKULAM,Grama Panchayat,G07061,Pallarimangalam,14
ERNAKULAM,Grama Panchayat,G07062,Kuttampuzha,17
ERNAKULAM,Grama Panchayat,G07063,Kottapady,15
ERNAKULAM,Grama Panchayat,G07064,Elanji,14
ERNAKULAM,Grama Panchayat,G07066,Thirumaradi,15
ERNAKULAM,Grama Panchayat,G07068,Palakuzha,14
ERNAKULAM,Grama Panchayat,G07069,Pampakuda,15
ERNAKULAM,Grama Panchayat,G07070,Ramamangalam,14
ERNAKULAM,Grama Panchayat,G07071,Chengamanadu,19
ERNAKULAM,Grama Panchayat,G07072,Nedumbassery,20
ERNAKULAM,Grama Panchayat,G07073,Parakkadavu,20
ERNAKULAM,Grama Panchayat,G07074,Kunnukara,16
ERNAKULAM,Grama Panchayat,G07075,Sreemoolanagaram,18
ERNAKULAM,Grama Panchayat,G07076,Puthenvelikara,19
ERNAKULAM,Grama Panchayat,G07077,Avoly,15
ERNAKULAM,Grama Panchayat,G07078,Arakkuzha,14
ERNAKULAM,Grama Panchayat,G07079,Paipra,24
ERNAKULAM,Grama Panchayat,G07080,Kalloorkad,14
ERNAKULAM,Grama Panchayat,G07081,Ayavana,16
ERNAKULAM,Grama Panchayat,G07082,Manjallur,14
ERNAKULAM,Grama Panchayat,G07083,Marady,14
ERNAKULAM,Grama Panchayat,G07084,Valakom,15
ERNAKULAM,Block Panchayat,B07062,Paravur,14
ERNAKULAM,Block Panchayat,B07063,Alangad,14
ERNAKULAM,Block Panchayat,B07064,Angamali,15
ERNAKULAM,Block Panchayat,B07065,Koovapady,14
ERNAKULAM,Block Panchayat,B07066,Vazhakulam,17
ERNAKULAM,Block Panchayat,B07067,Edappally,14
ERNAKULAM,Block Panchayat,B07068,Vypin,14
ERNAKULAM,Block Panchayat,B07069,Palluruthy,14
ERNAKULAM,Block Panchayat,B07070,Mulanthuruthy,14
ERNAKULAM,Block Panchayat,B07071,Vadavukode,14
ERNAKULAM,Block Panchayat,B07072,Kothamangalam,16
ERNAKULAM,Block Panchayat,B07073,Pambakkuda,14
ERNAKULAM,Block Panchayat,B07074,Parakkadavu,14
ERNAKULAM,Block Panchayat,B07075,Muvattupuzha,14
ERNAKULAM,District Panchayat,D07001,Ernakulam,28
ERNAKULAM,Municipality,M07021,Thrippunithura,53
ERNAKULAM,Municipality,M07022,Muvattupuzha,30
ERNAKULAM,Municipality,M07023,Kothamangalam,33
ERNAKULAM,Municipality,M07024,Perumbavoor,29
ERNAKULAM,Municipality,M07025,Aluva,26
ERNAKULAM,Municipality,M07026,Kalamassery,46
ERNAKULAM,Municipality,M07027,North Paravur,30
ERNAKULAM,Municipality,M07028,Angamaly,31
ERNAKULAM,Municipality,M07029,Eloor,32
ERNAKULAM,Municipality,M07030,Thrikkakara,48
ERNAKULAM,Municipality,M07031,Maradu,35
ERNAKULAM,Municipality,M07066,Piravom,28
ERNAKULAM,Municipality,M07067,Koothattukulam,26
ERNAKULAM,Municipal Corporation,C07003,Cochin,76
THRISSUR,Grama Panchayat,G08065,Nenmanikkara,16
THRISSUR,Grama Panchayat,G08064,Mattathur,24
THRISSUR,Grama Panchayat,G08063,Kodakara,20
THRISSUR,Grama Panchayat,G08062,Alagappanagar,19
THRISSUR,Grama Panchayat,G08061,Vallachira,16
THRISSUR,Grama Panchayat,G08060,Paralam,17
THRISSUR,Grama Panchayat,G08059,Cherpu,22
THRISSUR,Grama Panchayat,G08058,Avinissery,16
THRISSUR,Grama Panchayat,G08057,Arimbur,20
THRISSUR,Grama Panchayat,G08056,Manalur,21
THRISSUR,Grama Panchayat,G08055,Chazhur,19
THRISSUR,Grama Panchayat,G08054,Thanniam,19
THRISSUR,Grama Panchayat,G08053,Anthikkad,16
THRISSUR,Grama Panchayat,G08052,Eriyad,24
THRISSUR,Grama Panchayat,G08051,Edavilangu,16
THRISSUR,Grama Panchayat,G08050,Sree Narayanapuram,23
THRISSUR,Grama Panchayat,G08049,Perinjanam,16
THRISSUR,Grama Panchayat,G08048,Mathilakam,19
THRISSUR,Grama Panchayat,G08047,Kaipamangalam,22
THRISSUR,Grama Panchayat,G08046,Edathiruthy,19
THRISSUR,Grama Panchayat,G08045,Valappad,22
THRISSUR,Grama Panchayat,G08044,Nattika,15
THRISSUR,Grama Panchayat,G08043,Thalikulam,18
THRISSUR,Grama Panchayat,G08042,Vadanappilly,20
THRISSUR,Grama Panchayat,G08041,Engandiyoor,17
THRISSUR,Grama Panchayat,G08040,Venkitangu,18
THRISSUR,Grama Panchayat,G08039,Pavaratty,16
THRISSUR,Grama Panchayat,G08038,Mullassery,16
THRISSUR,Grama Panchayat,G08037,Elavally,18
THRISSUR,Grama Panchayat,G08036,Kolazhy,20
THRISSUR,Grama Panchayat,G08035,Tholur,15
THRISSUR,Grama Panchayat,G08034,Mulamkunnathukavu,16
THRISSUR,Grama Panchayat,G08033,Kaiparambu,20
THRISSUR,Grama Panchayat,G08032,Avanur,16
THRISSUR,Grama Panchayat,G08031,Adat,20
THRISSUR,Grama Panchayat,G08030,Puthur,24
THRISSUR,Grama Panchayat,G08029,Pananchery,24
THRISSUR,Grama Panchayat,G08028,Nadathara,20
THRISSUR,Grama Panchayat,G08027,Madakkathara,18
THRISSUR,Grama Panchayat,G08026,Thiruvilwamala,19
THRISSUR,Grama Panchayat,G08025,Pazhayannur,24
THRISSUR,Grama Panchayat,G08024,Panjal,18
THRISSUR,Grama Panchayat,G08023,Kondazhy,16
THRISSUR,Grama Panchayat,G08022,Vallathole Nagar,18
THRISSUR,Grama Panchayat,G08021,Chelakkara,24
THRISSUR,Grama Panchayat,G08019,Varavoor,16
THRISSUR,Grama Panchayat,G08018,Thekkumkara,19
THRISSUR,Grama Panchayat,G08017,Mullurkkara,16
THRISSUR,Grama Panchayat,G08015,Erumapetty,19
THRISSUR,Grama Panchayat,G08014,Desamangalam,16
THRISSUR,Grama Panchayat,G08013,Velur,19
THRISSUR,Grama Panchayat,G08012,Kadangode,21
THRISSUR,Grama Panchayat,G08011,Porkulam,14
THRISSUR,Grama Panchayat,G08010,Kattakampal,18
THRISSUR,Grama Panchayat,G08009,Kandanassery,17
THRISSUR,Grama Panchayat,G08008,Kadavalloor,22
THRISSUR,Grama Panchayat,G08007,Chowannur,14
THRISSUR,Grama Panchayat,G08006,Choondal,20
THRISSUR,Grama Panchayat,G08005,Vadakkekkad,18
THRISSUR,Grama Panchayat,G08004,Punnayoorkulam,21
THRISSUR,Grama Panchayat,G08003,Punnayoor,22
THRISSUR,Grama Panchayat,G08002,Orumanayoor,14
THRISSUR,Grama Panchayat,G08001,Kadappuram,18
THRISSUR,Grama Panchayat,G08066,Pudukkad,17
THRISSUR,Grama Panchayat,G08067,Thrikkur,19
THRISSUR,Grama Panchayat,G08068,Varantharappilly,24
THRISSUR,Grama Panchayat,G08069,Karalam,16
THRISSUR,Grama Panchayat,G08070,Kattoor,15
THRISSUR,Grama Panchayat,G08071,Muriyad,18
THRISSUR,Grama Panchayat,G08072,Parappookkara,19
THRISSUR,Grama Panchayat,G08073,Padiyoor,15
THRISSUR,Grama Panchayat,G08074,Poomangalam,14
THRISSUR,Grama Panchayat,G08075,Puthenchira,16
THRISSUR,Grama Panchayat,G08076,Vellangalur,23
THRISSUR,Grama Panchayat,G08077,Velookkara,19
THRISSUR,Grama Panchayat,G08078,Aloor,24
THRISSUR,Grama Panchayat,G08079,Annamanada,20
THRISSUR,Grama Panchayat,G08080,Kuzhur,15
THRISSUR,Grama Panchayat,G08081,Mala,21
THRISSUR,Grama Panchayat,G08082,Poyya,16
THRISSUR,Grama Panchayat,G08083,Kadukutty,18
THRISSUR,Grama Panchayat,G08084,Kodassery,21
THRISSUR,Grama Panchayat,G08085,Koratty,21
THRISSUR,Grama Panchayat,G08086,Meloor,19
THRISSUR,Grama Panchayat,G08087,Pariyaram,17
THRISSUR,Grama Panchayat,G08088,Athirappilly,14
THRISSUR,Block Panchayat,B08088,Irinjalakuda,14
THRISSUR,Block Panchayat,B08087,Kodakara,16
THRISSUR,Block Panchayat,B08086,Cherpu,14
THRISSUR,Block Panchayat,B08085,Anthikkad,14
THRISSUR,Block Panchayat,B08084,Mathilakam,16
THRISSUR,Block Panchayat,B08083,Thalikulam,14
THRISSUR,Block Panchayat,B08082,Mullassery,14
THRISSUR,Block Panchayat,B08081,Puzhakkal,14
THRISSUR,Block Panchayat,B08080,Ollukkara,14
THRISSUR,Block Panchayat,B08079,Pazhayannur,15
THRISSUR,Block Panchayat,B08078,Wadakkanchery,14
THRISSUR,Block Panchayat,B08077,Chowannur,16
THRISSUR,Block Panchayat,B08076,Chavakkad,14
THRISSUR,Block Panchayat,B08089,Vellangallur,14
THRISSUR,Block Panchayat,B08090,Mala,14
THRISSUR,Block Panchayat,B08091,Chalakudy,14
THRISSUR,District Panchayat,D08001,Thrissur,30
THRISSUR,Municipality,M08037,Kunnamkulam,39
THRISSUR,Municipality,M08033,Irinjalakuda,43
THRISSUR,Municipality,M08034,Kodungallur,46
THRISSUR,Municipality,M08035,Chavakkad,33
THRISSUR,Municipality,M08036,Guruvayoor,46
THRISSUR,Municipality,M08032,Chalakudy,37
THRISSUR,Municipality,M08068,Vadakkancherry,42
THRISSUR,Municipal Corporation,C08004,Thrissur,56
PALAKKAD,Grama Panchayat,G09001,Anakkara,17
PALAKKAD,Grama Panchayat,G09002,Chalissery,17
PALAKKAD,Grama Panchayat,G09003,Kappoor,20
PALAKKAD,Grama Panchayat,G09004,Nagalassery,19
PALAKKAD,Grama Panchayat,G09005,Pattithara,21
PALAKKAD,Grama Panchayat,G09006,Thirumittakode,20
PALAKKAD,Grama Panchayat,G09007,Thrithala,19
PALAKKAD,Grama Panchayat,G09008,Koppam,20
PALAKKAD,Grama Panchayat,G09009,Kulukkallur,19
PALAKKAD,Grama Panchayat,G09010,Muthuthala,17
PALAKKAD,Grama Panchayat,G09011,Ongallur,24
PALAKKAD,Grama Panchayat,G09013,Thiruvegappura,21
PALAKKAD,Grama Panchayat,G09014,Vilayur,17
PALAKKAD,Grama Panchayat,G09015,Paruthur,18
PALAKKAD,Grama Panchayat,G09016,Ambalapara,23
PALAKKAD,Grama Panchayat,G09017,Ananganadi,17
PALAKKAD,Grama Panchayat,G09018,Chalavara,17
PALAKKAD,Grama Panchayat,G09019,Lekkidi-Perur,21
PALAKKAD,Grama Panchayat,G09020,Vaniyamkulam,20
PALAKKAD,Grama Panchayat,G09021,Thrikkadeiri,16
PALAKKAD,Grama Panchayat,G09022,Vallapuzha,19
PALAKKAD,Grama Panchayat,G09023,Nellaya,22
PALAKKAD,Grama Panchayat,G09025,Kadampazhipuram,20
PALAKKAD,Grama Panchayat,G09026,Karimpuzha,20
PALAKKAD,Grama Panchayat,G09027,Sreekrishnapuram,16
PALAKKAD,Grama Panchayat,G09028,Vellinezhi,14
PALAKKAD,Grama Panchayat,G09029,Karakurissi,19
PALAKKAD,Grama Panchayat,G09030,Thachanattukara,18
PALAKKAD,Grama Panchayat,G09031,Pookkottukavu,14
PALAKKAD,Grama Panchayat,G09032,Alanallur,24
PALAKKAD,Grama Panchayat,G09033,Karimba,18
PALAKKAD,Grama Panchayat,G09034,Kottoppadam,24
PALAKKAD,Grama Panchayat,G09035,Kumaramputhur,21
PALAKKAD,Grama Panchayat,G09036,Kanjirapuzha,21
PALAKKAD,Grama Panchayat,G09038,Thachampara,15
PALAKKAD,Grama Panchayat,G09039,Thenkara,18
PALAKKAD,Grama Panchayat,G09040,Agali,21
PALAKKAD,Grama Panchayat,G09041,Pudur,14
PALAKKAD,Grama Panchayat,G09042,Sholayur,14
PALAKKAD,Grama Panchayat,G09043,Pirayiri,24
PALAKKAD,Grama Panchayat,G09044,Mundur,20
PALAKKAD,Grama Panchayat,G09045,Kongad,20
PALAKKAD,Grama Panchayat,G09046,Keralasseri,14
PALAKKAD,Grama Panchayat,G09047,Mannur,15
PALAKKAD,Grama Panchayat,G09048,Mankara,15
PALAKKAD,Grama Panchayat,G09049,Parli,21
PALAKKAD,Grama Panchayat,G09050,Kottayi,16
PALAKKAD,Grama Panchayat,G09051,Kuthanur,17
PALAKKAD,Grama Panchayat,G09052,Kuzhalmannam,18
PALAKKAD,Grama Panchayat,G09053,Mathur,18
PALAKKAD,Grama Panchayat,G09054,Peringottukurissi,18
PALAKKAD,Grama Panchayat,G09055,Thenkurissi,18
PALAKKAD,Grama Panchayat,G09056,Kannadi,17
PALAKKAD,Grama Panchayat,G09057,Eruthempathy,15
PALAKKAD,Grama Panchayat,G09058,Kozhinjampara,19
PALAKKAD,Grama Panchayat,G09059,Nalleppilly,21
PALAKKAD,Grama Panchayat,G09060,Perumatty,20
PALAKKAD,Grama Panchayat,G09061,Vadakarapathy,18
PALAKKAD,Grama Panchayat,G09062,Elappully,23
PALAKKAD,Grama Panchayat,G09063,Polpully,14
PALAKKAD,Grama Panchayat,G09064,Kollengode,19
PALAKKAD,Grama Panchayat,G09065,Koduvayur,19
PALAKKAD,Grama Panchayat,G09066,Muthalamada,22
PALAKKAD,Grama Panchayat,G09067,Pudunagaram,15
PALAKKAD,Grama Panchayat,G09068,Vadavannur,14
PALAKKAD,Grama Panchayat,G09069,Peruvemba,15
PALAKKAD,Grama Panchayat,G09070,Pattanchery,18
PALAKKAD,Grama Panchayat,G09071,Ayiloor,19
PALAKKAD,Grama Panchayat,G09072,Nelliyampathy,14
PALAKKAD,Grama Panchayat,G09073,Elavanchery,15
PALAKKAD,Grama Panchayat,G09074,Pallassana,17
PALAKKAD,Grama Panchayat,G09075,Melarcode,18
PALAKKAD,Grama Panchayat,G09076,Nemmara,22
PALAKKAD,Grama Panchayat,G09077,Vandazhi,20
PALAKKAD,Grama Panchayat,G09078,Akathethara,19
PALAKKAD,Grama Panchayat,G09079,Malampuzha,14
PALAKKAD,Grama Panchayat,G09080,Marutha Road,21
PALAKKAD,Grama Panchayat,G09081,Puduppariyaram,23
PALAKKAD,Grama Panchayat,G09082,Pudusserri,24
PALAKKAD,Grama Panchayat,G09083,Kodumba,17
PALAKKAD,Grama Panchayat,G09084,Alathur,18
PALAKKAD,Grama Panchayat,G09085,Erimayoor,20
PALAKKAD,Grama Panchayat,G09086,Kavassery,19
PALAKKAD,Grama Panchayat,G09087,Kizhakkanchery,24
PALAKKAD,Grama Panchayat,G09088,Puthukode,16
PALAKKAD,Grama Panchayat,G09089,Tarur,18
PALAKKAD,Grama Panchayat,G09090,Vadakkenchery,22
PALAKKAD,Grama Panchayat,G09091,Kannambra,18
PALAKKAD,Block Panchayat,B09092,Thrithala,16
PALAKKAD,Block Panchayat,B09093,Pattambi,16
PALAKKAD,Block Panchayat,B09094,Ottappalam,17
PALAKKAD,Block Panchayat,B09095,Sreekrishnapuram,14
PALAKKAD,Block Panchayat,B09096,Mannarkad,18
PALAKKAD,Block Panchayat,B09097,Attapadi,14
PALAKKAD,Block Panchayat,B09098,Palakkad,15
PALAKKAD,Block Panchayat,B09099,Kuzhalmandam,14
PALAKKAD,Block Panchayat,B09100,Chittoor,15
PALAKKAD,Block Panchayat,B09101,Kollankode,15
PALAKKAD,Block Panchayat,B09102,Nenmara,14
PALAKKAD,Block Panchayat,B09103,Malampuzha,15
PALAKKAD,Block Panchayat,B09104,Alathoor,17
PALAKKAD,District Panchayat,D09001,Palakkad,31
PALAKKAD,Municipality,M09038,Shornur,35
PALAKKAD,Municipality,M09039,Ottappalam,39
PALAKKAD,Municipality,M09040,Palakkad,53
PALAKKAD,Municipality,M09041,Chittur-Thathamangalam,30
PALAKKAD,Municipality,M09069,Pattambi,29
PALAKKAD,Municipality,M09070,Cherupulassery,33
PALAKKAD,Municipality,M09071,Mannarkkad,30
MALAPPURAM,Grama Panchayat,G10078,Edarikkode,18
MALAPPURAM,Grama Panchayat,G10077,Oorakam,19
MALAPPURAM,Grama Panchayat,G10076,Kannamangalam,24
MALAPPURAM,Grama Panchayat,G10075,Vengara,24
MALAPPURAM,Grama Panchayat,G10074,Thennela,19
MALAPPURAM,Grama Panchayat,G10073,Parappur,22
MALAPPURAM,Grama Panchayat,G10072,Abdurehman Nagar,24
MALAPPURAM,Grama Panchayat,G10071,Perumanna Clari,18
MALAPPURAM,Grama Panchayat,G10070,Valavannur,21
MALAPPURAM,Grama Panchayat,G10069,Thanalur,24
MALAPPURAM,Grama Panchayat,G10068,Niramaruthoor,19
MALAPPURAM,Grama Panchayat,G10067,Ozhoor,21
MALAPPURAM,Grama Panchayat,G10066,Cheriyamundam,20
MALAPPURAM,Grama Panchayat,G10065,Ponmundam,18
MALAPPURAM,Grama Panchayat,G10063,Kalpakancheri,21
MALAPPURAM,Grama Panchayat,G10061,Kuttippuram,24
MALAPPURAM,Grama Panchayat,G10060,Marakkara,24
MALAPPURAM,Grama Panchayat,G10059,Irumbiliyum,20
MALAPPURAM,Grama Panchayat,G10058,Edayur,22
MALAPPURAM,Grama Panchayat,G10057,Athavanad,24
MALAPPURAM,Grama Panchayat,G10056,Mankada,21
MALAPPURAM,Grama Panchayat,G10055,Makkaraparamba,15
MALAPPURAM,Grama Panchayat,G10054,Moorkanad,22
MALAPPURAM,Grama Panchayat,G10053,Puzhakkatiri,19
MALAPPURAM,Grama Panchayat,G10052,Koottilangadi,22
MALAPPURAM,Grama Panchayat,G10051,Kuruva,24
MALAPPURAM,Grama Panchayat,G10050,Angadippuram,24
MALAPPURAM,Grama Panchayat,G10049,Pulamanthole,23
MALAPPURAM,Grama Panchayat,G10048,Vettathur,19
MALAPPURAM,Grama Panchayat,G10047,Thazhekkode,24
MALAPPURAM,Grama Panchayat,G10046,Keezhattur,22
MALAPPURAM,Grama Panchayat,G10045,Melattur,18
MALAPPURAM,Grama Panchayat,G10044,Elamkulam,18
MALAPPURAM,Grama Panchayat,G10043,Aliparamba,24
MALAPPURAM,Grama Panchayat,G10042,Kodur,23
MALAPPURAM,Grama Panchayat,G10041,Othukkungal,23
MALAPPURAM,Grama Panchayat,G10040,Pookkottur,23
MALAPPURAM,Grama Panchayat,G10039,Ponmala,21
MALAPPURAM,Grama Panchayat,G10038,Morayur,21
MALAPPURAM,Grama Panchayat,G10037,Anakayam,24
MALAPPURAM,Grama Panchayat,G10036,Edavanna,24
MALAPPURAM,Grama Panchayat,G10035,Pulpetta,24
MALAPPURAM,Grama Panchayat,G10034,Cheacode,21
MALAPPURAM,Grama Panchayat,G10033,Kuzhimanna,21
MALAPPURAM,Grama Panchayat,G10032,Keezhuparamba,16
MALAPPURAM,Grama Panchayat,G10031,Kavannur,23
MALAPPURAM,Grama Panchayat,G10030,Urangattiri,24
MALAPPURAM,Grama Panchayat,G10029,Areacode,20
MALAPPURAM,Grama Panchayat,G10028,Edapatta,17
MALAPPURAM,Grama Panchayat,G10027,Karulai,17
MALAPPURAM,Grama Panchayat,G10026,Amarambalam,22
MALAPPURAM,Grama Panchayat,G10025,Thuvvur,19
MALAPPURAM,Grama Panchayat,G10024,Karuvarakundu,24
MALAPPURAM,Grama Panchayat,G10023,Chokkad,20
MALAPPURAM,Grama Panchayat,G10022,Kalikavu,22
MALAPPURAM,Grama Panchayat,G10021,Thrikkalangode,24
MALAPPURAM,Grama Panchayat,G10020,Pandikkad,24
MALAPPURAM,Grama Panchayat,G10019,Porur,19
MALAPPURAM,Grama Panchayat,G10018,Mampad,22
MALAPPURAM,Grama Panchayat,G10017,Thiruvali,19
MALAPPURAM,Grama Panchayat,G10016,Wandoor,24
MALAPPURAM,Grama Panchayat,G10015,Chelembra,21
MALAPPURAM,Grama Panchayat,G10014,Muthuvallur,18
MALAPPURAM,Grama Panchayat,G10012,Pulikkal,24
MALAPPURAM,Grama Panchayat,G10011,Vazhakkad,22
MALAPPURAM,Grama Panchayat,G10010,Vazhayur,20
MALAPPURAM,Grama Panchayat,G10009,Pallikkal,24
MALAPPURAM,Grama Panchayat,G10008,Cherukavu,22
MALAPPURAM,Grama Panchayat,G10006,Chaliyar,16
MALAPPURAM,Grama Panchayat,G10005,Chungathara,22
MALAPPURAM,Grama Panchayat,G10004,Moothedam,18
MALAPPURAM,Grama Panchayat,G10003,Edakkara,19
MALAPPURAM,Grama Panchayat,G10002,Pothukal,19
MALAPPURAM,Grama Panchayat,G10001,Vazhikkadavu,24
MALAPPURAM,Grama Panchayat,G10080,Nannambra,24
MALAPPURAM,Grama Panchayat,G10081,Moonniyur,24
MALAPPURAM,Grama Panchayat,G10082,Thenhippalam,20
MALAPPURAM,Grama Panchayat,G10084,Vallikkunnu,24
MALAPPURAM,Grama Panchayat,G10085,Peruvallur,21
MALAPPURAM,Grama Panchayat,G10086,Purathur,20
MALAPPURAM,Grama Panchayat,G10087,Mangalam,21
MALAPPURAM,Grama Panchayat,G10088,Thriprangode,24
MALAPPURAM,Grama Panchayat,G10089,Vettom,22
MALAPPURAM,Grama Panchayat,G10090,Thalakkad,22
MALAPPURAM,Grama Panchayat,G10091,Thirunavaya,24
MALAPPURAM,Grama Panchayat,G10092,Thavanur,21
MALAPPURAM,Grama Panchayat,G10093,Vattamkulam,22
MALAPPURAM,Grama Panchayat,G10094,Edappal,21
MALAPPURAM,Grama Panchayat,G10095,Kalady,18
MALAPPURAM,Grama Panchayat,G10096,Alamkode,21
MALAPPURAM,Grama Panchayat,G10097,Maranchery,22
MALAPPURAM,Grama Panchayat,G10098,Nannamukku,19
MALAPPURAM,Grama Panchayat,G10099,Perumbadappu,19
MALAPPURAM,Grama Panchayat,G10100,Veliyancode,21
MALAPPURAM,Block Panchayat,B10117,Tirur,17
MALAPPURAM,Block Panchayat,B10115,Vengara,18
MALAPPURAM,Block Panchayat,B10114,Tanur,17
MALAPPURAM,Block Panchayat,B10116,Tirurangadi,16
MALAPPURAM,Block Panchayat,B10113,Kuttipuram,17
MALAPPURAM,Block Panchayat,B10112,Mankada,15
MALAPPURAM,Block Panchayat,B10111,Perinthalmanna,19
MALAPPURAM,Block Panchayat,B10110,Malappuram,17
MALAPPURAM,Block Panchayat,B10109,Areacode,19
MALAPPURAM,Block Panchayat,B10106,Kondotty,18
MALAPPURAM,Block Panchayat,B10108,Kalikavu,16
MALAPPURAM,Block Panchayat,B10107,Wandoor,18
MALAPPURAM,Block Panchayat,B10105,Nilambur,15
MALAPPURAM,Block Panchayat,B10118,Ponnani,14
MALAPPURAM,Block Panchayat,B10119,Perumpadappu,14
MALAPPURAM,District Panchayat,D10001,Malappuram,33
MALAPPURAM,Municipality,M10042,Ponnani,53
MALAPPURAM,Municipality,M10043,Tirur,40
MALAPPURAM,Municipality,M10044,Perinthalmanna,37
MALAPPURAM,Municipality,M10045,Malappuram,45
MALAPPURAM,Municipality,M10046,Manjeri,53
MALAPPURAM,Municipality,M10047,Kottakkal,35
MALAPPURAM,Municipality,M10048,Nilambur,36
MALAPPURAM,Municipality,M10072,Thanoor,45
MALAPPURAM,Municipality,M10073,Parappanangadi,46
MALAPPURAM,Municipality,M10074,Valanchery,34
MALAPPURAM,Municipality,M10075,Tirurangadi,40
MALAPPURAM,Municipality,M10088,Kondotty,41
KOZHIKODE,Grama Panchayat,G11001,Azhiyur,20
KOZHIKODE,Grama Panchayat,G11002,Chorode,23
KOZHIKODE,Grama Panchayat,G11003,Eramala,21
KOZHIKODE,Grama Panchayat,G11004,Onchiyam,19
KOZHIKODE,Grama Panchayat,G11005,Chekkiad,17
KOZHIKODE,Grama Panchayat,G11006,Purameri,19
KOZHIKODE,Grama Panchayat,G11007,Thuneri,17
KOZHIKODE,Grama Panchayat,G11008,Valayam,15
KOZHIKODE,Grama Panchayat,G11009,Vanimel,18
KOZHIKODE,Grama Panchayat,G11010,Edacheri,18
KOZHIKODE,Grama Panchayat,G11011,Nadapuram,24
KOZHIKODE,Grama Panchayat,G11012,Kunnummal,15
KOZHIKODE,Grama Panchayat,G11013,Velom,18
KOZHIKODE,Grama Panchayat,G11014,Kayakkodi,17
KOZHIKODE,Grama Panchayat,G11015,Kavilumpara,17
KOZHIKODE,Grama Panchayat,G11016,Kuttiady,15
KOZHIKODE,Grama Panchayat,G11017,Maruthonkara,15
KOZHIKODE,Grama Panchayat,G11018,Naripatta,18
KOZHIKODE,Grama Panchayat,G11019,Ayancheri,18
KOZHIKODE,Grama Panchayat,G11020,Villiappally,21
KOZHIKODE,Grama Panchayat,G11021,Maniyur,23
KOZHIKODE,Grama Panchayat,G11022,Thiruvallur,22
KOZHIKODE,Grama Panchayat,G11023,Thurayur,14
KOZHIKODE,Grama Panchayat,G11024,Keezhariyur,14
KOZHIKODE,Grama Panchayat,G11025,Thikkodi,18
KOZHIKODE,Grama Panchayat,G11027,Meppayur,19
KOZHIKODE,Grama Panchayat,G11028,Cheruvannur,17
KOZHIKODE,Grama Panchayat,G11029,Nochad,18
KOZHIKODE,Grama Panchayat,G11030,Changaroth,20
KOZHIKODE,Grama Panchayat,G11031,Kayanna,14
KOZHIKODE,Grama Panchayat,G11032,Koothali,14
KOZHIKODE,Grama Panchayat,G11033,Perambra,21
KOZHIKODE,Grama Panchayat,G11034,Chakkittappara,16
KOZHIKODE,Grama Panchayat,G11035,Balussery,18
KOZHIKODE,Grama Panchayat,G11036,Naduvannur,18
KOZHIKODE,Grama Panchayat,G11037,Kottur,20
KOZHIKODE,Grama Panchayat,G11038,Ulliyeri,21
KOZHIKODE,Grama Panchayat,G11039,Unnikulam,24
KOZHIKODE,Grama Panchayat,G11040,Panangad,21
KOZHIKODE,Grama Panchayat,G11041,Koorachundu,14
KOZHIKODE,Grama Panchayat,G11042,Chemanchery,21
KOZHIKODE,Grama Panchayat,G11043,Arikkulam,15
KOZHIKODE,Grama Panchayat,G11044,Moodadi,20
KOZHIKODE,Grama Panchayat,G11045,Chengottukave,18
KOZHIKODE,Grama Panchayat,G11046,Atholi,19
KOZHIKODE,Grama Panchayat,G11047,Kakkodi,24
KOZHIKODE,Grama Panchayat,G11048,Chelannur,24
KOZHIKODE,Grama Panchayat,G11049,Kakkur,17
KOZHIKODE,Grama Panchayat,G11050,Nanmanda,18
KOZHIKODE,Grama Panchayat,G11051,Narikkuni,17
KOZHIKODE,Grama Panchayat,G11052,Thalakkulathur,19
KOZHIKODE,Grama Panchayat,G11053,Thiruvambady,19
KOZHIKODE,Grama Panchayat,G11054,Koodaranhi,15
KOZHIKODE,Grama Panchayat,G11055,Kizhakkoth,20
KOZHIKODE,Grama Panchayat,G11056,Madavoor,19
KOZHIKODE,Grama Panchayat,G11058,Puthuppadi,24
KOZHIKODE,Grama Panchayat,G11059,Thamarassery,22
KOZHIKODE,Grama Panchayat,G11060,Omasery,22
KOZHIKODE,Grama Panchayat,G11061,Kattippara,17
KOZHIKODE,Grama Panchayat,G11062,Kodenchery,21
KOZHIKODE,Grama Panchayat,G11063,Kodiyathur,19
KOZHIKODE,Grama Panchayat,G11064,Kuruvattur,21
KOZHIKODE,Grama Panchayat,G11065,Mavoor,19
KOZHIKODE,Grama Panchayat,G11066,Karasseri,20
KOZHIKODE,Grama Panchayat,G11067,Kunnamangalam,24
KOZHIKODE,Grama Panchayat,G11068,Chathamangalam,24
KOZHIKODE,Grama Panchayat,G11070,Peruvayal,24
KOZHIKODE,Grama Panchayat,G11071,Perumanna,22
KOZHIKODE,Grama Panchayat,G11072,Kadalundi,24
KOZHIKODE,Grama Panchayat,G11075,Olavanna,24
KOZHIKODE,Block Panchayat,B11120,Vadakara,14
KOZHIKODE,Block Panchayat,B11121,Tuneri,15
KOZHIKODE,Block Panchayat,B11122,Kunnummal,14
KOZHIKODE,Block Panchayat,B11123,Thodannur,14
KOZHIKODE,Block Panchayat,B11124,Melady,14
KOZHIKODE,Block Panchayat,B11125,Perambra,14
KOZHIKODE,Block Panchayat,B11126,Balusseri,16
KOZHIKODE,Block Panchayat,B11127,Panthalayani,14
KOZHIKODE,Block Panchayat,B11128,Chelannur,15
KOZHIKODE,Block Panchayat,B11129,Koduvally,19
KOZHIKODE,Block Panchayat,B11130,Kunnamangalam,20
KOZHIKODE,Block Panchayat,B11131,Kozhikode,14
KOZHIKODE,District Panchayat,D11001,Kozhikode,28
KOZHIKODE,Municipality,M11049,Koilandy,46
KOZHIKODE,Municipality,M11050,Vadakara,48
KOZHIKODE,Municipality,M11076,Payyoli,37
KOZHIKODE,Municipality,M11077,Ramanattukara,32
KOZHIKODE,Municipality,M11078,Koduvally,37
KOZHIKODE,Municipality,M11079,Mukkam,34
KOZHIKODE,Municipality,M11080,Faroke,39
KOZHIKODE,Municipal Corporation,C11005,Kozhikode,76
WAYANAD,Grama Panchayat,G12002,Vellamunda,24
WAYANAD,Grama Panchayat,G12003,Thirunelly,19
WAYANAD,Grama Panchayat,G12004,Thondernadu,17
WAYANAD,Grama Panchayat,G12005,Edavaka,21
WAYANAD,Grama Panchayat,G12006,Thavinhal,23
WAYANAD,Grama Panchayat,G12008,Noolpuzha,19
WAYANAD,Grama Panchayat,G12009,Nenmeni,24
WAYANAD,Grama Panchayat,G12010,Ambalavayal,22
WAYANAD,Grama Panchayat,G12011,Meenangadi,21
WAYANAD,Grama Panchayat,G12012,Vengappally,14
WAYANAD,Grama Panchayat,G12013,Vythiri,15
WAYANAD,Grama Panchayat,G12014,Pozhuthana,15
WAYANAD,Grama Panchayat,G12015,Thariode,14
WAYANAD,Grama Panchayat,G12016,Meppadi,23
WAYANAD,Grama Panchayat,G12017,Muppainadu,17
WAYANAD,Grama Panchayat,G12018,Kottathara,14
WAYANAD,Grama Panchayat,G12019,Muttil,22
WAYANAD,Grama Panchayat,G12020,Padinjarathara,18
WAYANAD,Grama Panchayat,G12021,Panamaram,24
WAYANAD,Grama Panchayat,G12022,Kaniyambetta,21
WAYANAD,Grama Panchayat,G12023,Poothady,23
WAYANAD,Grama Panchayat,G12024,Pulpally,21
WAYANAD,Grama Panchayat,G12025,Mullankolly,19
WAYANAD,Block Panchayat,B12132,Mananthavady,14
WAYANAD,Block Panchayat,B12133,Sulthan Bathery,14
WAYANAD,Block Panchayat,B12134,Kalpetta,16
WAYANAD,Block Panchayat,B12135,Panamaram,15
WAYANAD,District Panchayat,D12001,Wayanad,17
WAYANAD,Municipality,M12051,Kalpetta,30
WAYANAD,Municipality,M12081,Mananthavadi,37
WAYANAD,Municipality,M12082,Sulthanbethery,36
KANNUR,Grama Panchayat,G13001,Cheruthazham,19
KANNUR,Grama Panchayat,G13002,Madayi,22
KANNUR,Grama Panchayat,G13003,Ezhome,15
KANNUR,Grama Panchayat,G13004,Cherukunnu,14
KANNUR,Grama Panchayat,G13005,Mattool,19
KANNUR,Grama Panchayat,G13006,Kannapuram,15
KANNUR,Grama Panchayat,G13007,Kalliassery,20
KANNUR,Grama Panchayat,G13008,Narath,18
KANNUR,Grama Panchayat,G13009,Cherupuzha,20
KANNUR,Grama Panchayat,G13010,Peringome Vayakkara,19
KANNUR,Grama Panchayat,G13011,Eramam- Kuttoor,19
KANNUR,Grama Panchayat,G13012,Kankole- Alapadamba,15
KANNUR,Grama Panchayat,G13013,Karivellur- Peralam,16
KANNUR,Grama Panchayat,G13014,Kunhimangalam,15
KANNUR,Grama Panchayat,G13015,Ramanthali,18
KANNUR,Grama Panchayat,G13016,Udayagiri,15
KANNUR,Grama Panchayat,G13017,Alakode,21
KANNUR,Grama Panchayat,G13018,Naduvil,20
KANNUR,Grama Panchayat,G13019,Chapparapadavu,20
KANNUR,Grama Panchayat,G13020,Chengalayi,20
KANNUR,Grama Panchayat,G13021,Kurumathoor,20
KANNUR,Grama Panchayat,G13022,Pariyaram,21
KANNUR,Grama Panchayat,G13023,Pattuvam,14
KANNUR,Grama Panchayat,G13024,Kadannappalli- Panappuzha,16
KANNUR,Grama Panchayat,G13025,Irikkur,14
KANNUR,Grama Panchayat,G13026,Eruvessy,15
KANNUR,Grama Panchayat,G13027,Malappattam,14
KANNUR,Grama Panchayat,G13028,Payyavoor,17
KANNUR,Grama Panchayat,G13029,Mayyil,19
KANNUR,Grama Panchayat,G13031,Padiyoor Kalliad,16
KANNUR,Grama Panchayat,G13032,Ulikkal,22
KANNUR,Grama Panchayat,G13033,Kuttiattoor,18
KANNUR,Grama Panchayat,G13034,Chirakkal,24
KANNUR,Grama Panchayat,G13037,Valapattanam,14
KANNUR,Grama Panchayat,G13038,Azheekode,24
KANNUR,Grama Panchayat,G13039,Pappinissery,22
KANNUR,Grama Panchayat,G13040,Kolachery,19
KANNUR,Grama Panchayat,G13041,Munderi,22
KANNUR,Grama Panchayat,G13045,Chembilode,21
KANNUR,Grama Panchayat,G13046,Kadambur,15
KANNUR,Grama Panchayat,G13047,Peralassery,19
KANNUR,Grama Panchayat,G13048,Muzhappilangad,17
KANNUR,Grama Panchayat,G13049,Vengad,23
KANNUR,Grama Panchayat,G13050,Dharmadam,20
KANNUR,Grama Panchayat,G13051,Eranholi,18
KANNUR,Grama Panchayat,G13052,Pinarayi,21
KANNUR,Grama Panchayat,G13053,New Mahe,14
KANNUR,Grama Panchayat,G13054,Ancharakandy,17
KANNUR,Grama Panchayat,G13055,Thripangottoor,19
KANNUR,Grama Panchayat,G13056,Chittariparamba,17
KANNUR,Grama Panchayat,G13057,Pattiam,20
KANNUR,Grama Panchayat,G13058,Kunnothuparamba,23
KANNUR,Grama Panchayat,G13059,Mangattidam,21
KANNUR,Grama Panchayat,G13060,Kottayam,15
KANNUR,Grama Panchayat,G13061,Chockli,19
KANNUR,Grama Panchayat,G13065,Panniyannur,16
KANNUR,Grama Panchayat,G13066,Mokeri,15
KANNUR,Grama Panchayat,G13067,Kadirur,20
KANNUR,Grama Panchayat,G13068,Aralam,19
KANNUR,Grama Panchayat,G13069,Ayyankunnu,16
KANNUR,Grama Panchayat,G13070,Keezhallur,16
KANNUR,Grama Panchayat,G13071,Thillankeri,14
KANNUR,Grama Panchayat,G13072,Koodali,20
KANNUR,Grama Panchayat,G13073,Payam,19
KANNUR,Grama Panchayat,G13075,Kanichar,14
KANNUR,Grama Panchayat,G13076,Kelakam,14
KANNUR,Grama Panchayat,G13077,Kottiyoor,14
KANNUR,Grama Panchayat,G13078,Muzhakkunnu,16
KANNUR,Grama Panchayat,G13079,Kolayad,15
KANNUR,Grama Panchayat,G13080,Malur,16
KANNUR,Grama Panchayat,G13081,Peravoor,17
KANNUR,Block Panchayat,B13136,Kalliassery,16
KANNUR,Block Panchayat,B13137,Payyannur,14
KANNUR,Block Panchayat,B13138,Taliparamba,17
KANNUR,Block Panchayat,B13139,Irikkur,15
KANNUR,Block Panchayat,B13140,Kannur,14
KANNUR,Block Panchayat,B13141,Edakkad,14
KANNUR,Block Panchayat,B13142,Thalassery,15
KANNUR,Block Panchayat,B13143,Kuthuparamba,15
KANNUR,Block Panchayat,B13144,Panoor,14
KANNUR,Block Panchayat,B13145,Iritty,14
KANNUR,Block Panchayat,B13146,Peravoor,14
KANNUR,District Panchayat,D13001,Kannur,25
KANNUR,Municipality,M13053,Taliparamba,35
KANNUR,Municipality,M13054,Koothuparamba,29
KANNUR,Municipality,M13055,Thalassery,53
KANNUR,Municipality,M13056,Payyannur,46
KANNUR,Municipality,M13057,Mattannur,35
KANNUR,Municipality,M13083,Iritty,34
KANNUR,Municipality,M13084,Panoor,41
KANNUR,Municipality,M13085,Sreekandapuram,31
KANNUR,Municipality,M13086,Anthoor,29
KANNUR,Municipal Corporation,C13006,Kannur,56
KASARAGOD,Grama Panchayat,G14001,Kumbadaje,14
KASARAGOD,Grama Panchayat,G14002,Bellur,14
KASARAGOD,Grama Panchayat,G14003,Karadka,16
KASARAGOD,Grama Panchayat,G14004,Muliyar,18
KASARAGOD,Grama Panchayat,G14005,Delampady,17
KASARAGOD,Grama Panchayat,G14006,Bedadka,19
KASARAGOD,Grama Panchayat,G14007,Kuttikkol,17
KASARAGOD,Grama Panchayat,G14008,Manjeshwar,24
KASARAGOD,Grama Panchayat,G14009,Vorkady,18
KASARAGOD,Grama Panchayat,G14010,Meenja,17
KASARAGOD,Grama Panchayat,G14011,Mangalpady,24
KASARAGOD,Grama Panchayat,G14012,Paivalike,21
KASARAGOD,Grama Panchayat,G14013,Puthige,16
KASARAGOD,Grama Panchayat,G14014,Enmakaje,18
KASARAGOD,Grama Panchayat,G14015,Kumbla,24
KASARAGOD,Grama Panchayat,G14016,Badiadka,21
KASARAGOD,Grama Panchayat,G14017,Mogralputhur,17
KASARAGOD,Grama Panchayat,G14018,Madhur,24
KASARAGOD,Grama Panchayat,G14019,Chemnad,24
KASARAGOD,Grama Panchayat,G14020,Chengala,24
KASARAGOD,Grama Panchayat,G14021,Udma,23
KASARAGOD,Grama Panchayat,G14022,Pallikkara,24
KASARAGOD,Grama Panchayat,G14023,Ajanur,24
KASARAGOD,Grama Panchayat,G14024,Pullur-Periya,19
KASARAGOD,Grama Panchayat,G14025,Madikai,16
KASARAGOD,Grama Panchayat,G14026,Kodom -Belur,21
KASARAGOD,Grama Panchayat,G14027,Kallar,15
KASARAGOD,Grama Panchayat,G14028,Panathady,17
KASARAGOD,Grama Panchayat,G14029,Balal,17
KASARAGOD,Grama Panchayat,G14030,Kinanoor - Karindalam,19
KASARAGOD,Grama Panchayat,G14031,West Eleri,19
KASARAGOD,Grama Panchayat,G14032,East Eleri,18
KASARAGOD,Grama Panchayat,G14033,Kayyur -  Cheemeni,17
KASARAGOD,Grama Panchayat,G14034,Cheruvathur,18
KASARAGOD,Grama Panchayat,G14035,Valiyaparamba,14
KASARAGOD,Grama Panchayat,G14036,Padne,16
KASARAGOD,Grama Panchayat,G14037,Pilicode,18
KASARAGOD,Grama Panchayat,G14038,Trikaripur,23
KASARAGOD,Block Panchayat,B14147,Karadka,14
KASARAGOD,Block Panchayat,B14148,Manjeshwar,16
KASARAGOD,Block Panchayat,B14149,Kasaragod,18
KASARAGOD,Block Panchayat,B14150,Kanhangad,15
KASARAGOD,Block Panchayat,B14151,Parappa,15
KASARAGOD,Block Panchayat,B14152,Nileswar,14
KASARAGOD,District Panchayat,D14001,Kasargod,18
KASARAGOD,Municipality,M14058,Kanhangad,47
KASARAGOD,Municipality,M14059,Kasaragod,39
KASARAGOD,Municipality,M14060,Nileshwar,34
